"HW1","HW2","HW3","HW4","HW5","HW6","HW7","HW8","HW9","ATT","QZ1","QZ2","QZ3","QZ4","EX1","EX2","Test1","Test2","Homework","Quiz","Lab","Overall","Grade"
100,100,100,100,100,100,100,100,100,12,100,100,100,100,80,90,100,100,100,100,100,100,"A+"
85,95,100,95,95,95,100,100,100,12,91.6666666666667,88.8888888888889,90,95,57.6,74.7,72,83,97.5,92.2222,100,88.23333,"A-"
87.5,100,85,70,100,98,0,80,0,7,83.3333333333333,55.5555555555556,50,0,56.8,54.9,71,61,77.5625,62.963,20,64.1632,"C-"
92.5,100,100,100,96.25,99,100,92.5,95,12,66.6666666666667,88.8888888888889,65,65,69.6,58.05,87,64.5,97.8438,73.5185,100,83.905915,"B"
32.5,0,65,60,0,46,0,0,0,5,41.6666666666667,50,0,0,40,16.2,50,18,25.4375,30.5556,0,26.71459,"F"
75,85,92.5,95,100,91,0,0,90,9,91.6666666666667,94.4444444444444,0,75,73.6,71.1,92,79,78.5625,87.037,60,80.7743,"B-"
90,100,97.5,95,80,80,52,90,90,12,91.6666666666667,50,75,90,78.4,68.85,98,76.5,90.3125,85.5556,100,88.65209,"A-"
92.5,95,100,90,100,72,95,74.5,100,12,83.3333333333333,44.4444444444444,60,65,52,63.9,65,71,93.375,69.4444,100,79.17916,"C+"
82.5,85,92.5,70,100,0,84,90,95,12,91.6666666666667,100,70,95,80,73.8,100,82,87.375,95.5556,100,91.04584,"A"
75,95,95,95,95,96,0,100,98,12,58.3333333333333,55.5555555555556,65,80,63.2,70.65,79,78.5,93.625,67.7778,100,83.67917,"B"
0,77.5,0,15,0,70,80,80,57.5,11,66.6666666666667,27.7777777777778,35,15,21.6,50.4,27,56,47.5,43.1481,100,50.122215,"D"
95,100,100,100,100,90,100,100,70,12,100,100,80,100,77.6,87.3,97,97,98.125,100,100,98.0875,"A+"
82.5,0,82.5,80,100,0,0,0,70,12,75,38.8888888888889,45,60,42.4,41.4,53,46,51.875,60,100,56.6625,"D"
80,92.5,87.5,100,100,69,51.5,80,75,12,100,83.3333333333333,67.5,100,70.4,68.4,88,76,85.5,94.4444,100,86.41666,"B+"
87.5,100,100,100,85,90,100,100,80,12,66.6666666666667,72.2222222222222,60,75,68,70.2,85,78,95.3125,71.2963,100,85.788195,"B"
50,0,67.5,50,0,78,41.5,82.5,80,11,33.3333333333333,55.5555555555556,70,85,40,36.9,50,41,56.1875,70.1852,100,57.63403,"D"
47.5,70,77.5,30,85,55,78,92.5,80,11,66.6666666666667,16.6666666666667,0,30,47.2,20.7,59,23,73.1875,37.7778,100,55.17292,"D"
77.5,85,100,100,95,93,82,90,95,12,75,55.5555555555556,70,65,59.2,69.3,74,77,92.5,70,100,82.3,"B"
65,92.5,92.5,0,95,80,74,80,80,12,83.3333333333333,50,65,70,64,67.95,80,75.5,82.375,72.7778,100,80.50417,"B-"
52.5,75,85,90,86.25,99,70,100,0,8,66.6666666666667,77.7777777777778,25,50,61.6,62.1,77,69,82.2188,64.8148,40,71.03786,"C"
77.5,97.5,100,100,100,100,100,100,100,12,91.6666666666667,100,70,100,69.6,70.2,87,78,99.6875,97.2222,100,91.38958,"A"
95,77.5,95,100,100,87,100,90,100,12,100,94.4444444444444,70,95,64,77.4,80,86,95.875,96.4815,100,90.734725,"A"
70,67.5,75,70,95,77,79,0,63.5,11,91.6666666666667,61.1111111111111,0,80,54.4,45,68,50,74.625,77.5926,100,70.12639,"C"
77.5,70,87.5,90,80,81,87,90,85,11,66.6666666666667,0,0,70,35.2,31.5,44,35,84.75,45.5556,100,59.80834,"D"
72.5,72.5,85,80,90,93,100,100,100,12,91.6666666666667,88.8888888888889,70,95,64.8,81,81,90,90.0625,91.8519,100,89.496535,"A-"
80,80,85,60,92.5,71,48,64,95,12,33.3333333333333,22.2222222222222,40,25,39.2,42.75,49,47.5,78.4375,32.7778,100,60.12292,"C-"
97,100,100,100,100,98,100,0,96,12,75,38.8888888888889,0,100,67.2,77.4,84,86,98.875,71.2963,100,88.656945,"A-"
92.5,100,100,80,100,0,83,95,90,12,66.6666666666667,16.6666666666667,75,70,50.4,61.2,63,68,92.5625,70.5556,100,77.95209,"C+"
87.5,55,87.5,52.5,70,98,90,90,80,12,83.3333333333333,66.6666666666667,30,80,57.6,62.1,72,69,82.25,76.6667,100,77.825005,"C+"
92.5,92.5,85,90,95,87,73,100,80,12,83.3333333333333,72.2222222222222,85,90,72,67.5,90,75,90.25,86.1111,100,86.741665,"B+"
52.5,97.5,100,90,95,95,100,85,70,12,91.6666666666667,55.5555555555556,65,75,64.8,70.65,81,78.5,91.5625,77.2222,100,84.87708,"B"
86.5,94,95,100,95,90,77,60,98,10,66.6666666666667,61.1111111111111,65,85,63.2,64.35,79,71.5,91.9375,72.2222,80,80.08958,"B-"
88.5,85,100,100,100,99,100,100,94,12,100,88.8888888888889,90,100,79.2,67.05,99,74.5,97.6875,96.6667,100,92.231255,"A"
95,98,100,80,100,90,52,70,100,12,83.3333333333333,44.4444444444444,75,80,62.4,48.15,78,53.5,91.625,79.4444,100,78.37916,"C+"
85,77.5,92.5,55,65,64,26,62.5,85,12,33.3333333333333,50,30,60,29.6,24.75,37,27.5,73.3125,47.7778,100,53.43542,"D"
87.5,100,100,70,95,100,78,90,80,12,66.6666666666667,44.4444444444444,40,90,62.4,35.1,78,39,91.3125,67.037,100,72.7993,"C"
76,72.5,50,0,61.25,71,51,50,80,12,58.3333333333333,55.5555555555556,50,20,44.8,63.45,56,70.5,63.9688,54.6296,100,66.21008,"C-"
81,97.5,100,75,95,87,82,90,95,12,100,100,75,55,67.2,75.6,84,84,90.9375,91.6667,100,88.831255,"A-"
92.5,100,92.5,90,100,95,85,90,80,12,87.5,66.6666666666667,65,100,66.4,63,83,70,93.125,84.7222,100,84.74583,"B"
87.5,100,92.5,90,95,91,90,95,100,11,83.3333333333333,66.6666666666667,82.5,85,72,81,90,90,94.1875,83.6111,100,91.297915,"A"
93.5,95,97.5,100,100,76,95,90,80,12,100,77.7777777777778,75,65,76.8,75.15,96,83.5,93.875,84.2593,100,90.876395,"A"
75,82.5,100,100,90,88,84,87.5,100,12,91.6666666666667,88.8888888888889,70,90,76.8,76.5,96,85,91.5,90.1852,100,91.42778,"A"
87.5,62.5,80,70,100,96,92,100,70,12,58.3333333333333,66.6666666666667,60,75,58.4,54.9,73,61,86.9375,67.2222,100,76.01458,"C"
90,90,72.5,90,100,97,100,95,100,12,83.3333333333333,61.1111111111111,65,65,55.2,41.4,69,46,95.25,71.1111,100,74.541665,"C"
70,90,90,80,69.5,54,82,0,100,9,50,38.8888888888889,40,40,37.6,43.2,47,48,79.4375,43.3333,60,57.731245,"D"
95,85,90,50,56,86,92,75,55,12,87.5,77.7777777777778,45,75,42.4,27,53,30,79.25,80.0926,100,63.88889,"C-"
82.5,100,97.5,90,91.25,99,97,100,100,12,91.6666666666667,88.8888888888889,90,100,67.2,73.8,84,82,96.8438,93.8889,100,90.436475,"A"
95,100,100,90,95,99,97,80,100,12,100,94.4444444444444,90,95,70.4,83.25,88,92.5,97,96.4815,100,94.297225,"A"
100,100,97.5,100,100,95,100,100,60,12,95.8333333333333,61.1111111111111,75,70,55.2,69.3,69,77,99.0625,80.2778,100,84.81042,"B"
67.5,100,100,90,95,90,100,90,100,12,100,77.7777777777778,70,100,71.2,83.7,89,93,95.625,92.5926,100,93.62639,"A"
92.5,85,92.5,100,100,93,91,90,75,12,95.8333333333333,83.3333333333333,75,70,66.4,80.1,83,89,93,84.7222,100,89.45833,"A-"
80,85,92.5,0,95,66,80.5,67.5,100,12,66.6666666666667,88.8888888888889,85,80,49.6,62.55,62,69.5,83.3125,84.6296,100,77.46319,"C"
0,77.5,100,80,100,90,80,0,65,12,87.5,94.4444444444444,75,85,34.4,69.3,43,77,74.0625,88.9815,100,73.415975,"C"
92.5,95,85,100,100,99,89,100,100,12,91.6666666666667,100,75,100,67.2,70.2,84,78,96.9375,97.2222,100,89.96458,"A-"
90,95,100,100,100,99,100,80,85,12,100,100,75,100,71.2,76.5,89,85,96.125,100,100,92.8875,"A"
87.5,77.5,97.5,90,97,96,90,80,80,12,95.8333333333333,0,55,80,56,60.75,70,67.5,89.75,76.9444,100,79.34166,"C+"
92.5,100,100,100,95,99,94,99,95,12,75,100,85,95,70.4,77.4,88,86,97.75,93.3333,100,92.424995,"A"
95,98,92.5,70,95,98,100,100,98,12,100,77.7777777777778,50,90,68.8,70.2,86,78,97.0625,89.2593,100,89.207645,"A-"
82,100,91.5,100,100,90,100,70,96,12,50,77.7777777777778,60,95,55.2,63.9,69,71,94.9375,77.5926,100,81.67014,"B-"
82.5,100,85,75,95,86,26,45,65,12,33.3333333333333,55.5555555555556,50,85,36.8,36,46,40,79.1875,63.5185,100,62.484025,"C-"
90,95,100,100,100,96,100,95,100,12,66.6666666666667,94.4444444444444,75,90,44.8,63,56,70,98.25,86.4815,100,81.147225,"B-"
87.5,77.5,100,80,85,99,100,100,85,11,66.6666666666667,55.5555555555556,25,60,38.4,40.95,48,45.5,92.0625,60.7407,100,67.704855,"C-"
74,100,85,90,90,96,86,90,98,12,91.6666666666667,77.7777777777778,75,90,60.8,76.05,76,84.5,91.875,86.4815,100,86.859725,"B+"
80,60,95,80,85,91,68,80,67.5,12,41.6666666666667,61.1111111111111,55,80,36.8,45,46,50,80.8125,65.3704,100,65.74931,"C-"
91.5,97,87.5,80,90,82,90,90,98,12,58.3333333333333,72.2222222222222,55,75,51.2,39.15,64,43.5,90.75,68.5185,100,71.177775,"C"
80,95,90,80,97.5,94,73,90,85,12,58.3333333333333,66.6666666666667,57.5,100,64.8,64.35,81,71.5,88.9375,75,100,82.00625,"B"
92.5,95,100,100,95,98,70,100,100,12,91.6666666666667,61.1111111111111,60,90,66.4,73.35,83,81.5,97.5625,80.9259,100,88.382635,"A-"
92.5,100,100,90,100,93,89,80,60,12,83.3333333333333,77.7777777777778,55,80,65.6,63.9,82,71,93.0625,80.3704,100,84.12431,"B"
80,77.5,70,65,100,97,100,75,85,12,58.3333333333333,55.5555555555556,25,40,56.8,34.2,71,38,85.5625,51.2963,100,67.063195,"C-"
80,0,92.5,90,90,79,0,70,51.5,12,91.6666666666667,88.8888888888889,0,100,75.2,68.85,94,76.5,69.125,93.5185,100,82.690275,"B"
0,10,47.5,0,90,0,56,40,75,7,54.1666666666667,27.7777777777778,30,80,43.2,31.5,54,35,39.8125,54.7222,20,41.70208,"F"
85,85,92.5,60,95,98,100,80,100,12,91.6666666666667,50,75,95,47.2,57.6,59,64,91.9375,87.2222,100,78.46458,"C+"
70,89,70,80,85,96,0,90,0,11,75,44.4444444444444,65,0,64,54.9,80,61,72.5,61.4815,100,72.222225,"C"
85,97.5,100,85,75,97,97,95,85,12,25,44.4444444444444,35,65,48.8,36.45,61,40.5,92.6875,48.1481,100,67.353465,"C-"
94.5,100,85,100,100,98,90,100,96,12,75,61.1111111111111,80,80,78.4,72,98,80,97.3125,78.3333,100,90.543745,"A"
62.5,65,32.5,27.5,0,79,79,75,94,12,91.6666666666667,33.3333333333333,25,55,44,54.9,55,61,64.3125,60,100,64.54375,"C-"
85,70,85,95,100,88,88,100,85,12,75,100,90,100,47.2,65.7,59,73,90.75,96.6667,100,81.775005,"B-"
92.5,100,100,100,100,100,100,95,100,12,91.6666666666667,88.8888888888889,80,80,59.2,71.1,74,79,99.375,86.8519,100,87.390285,"B+"
92.5,100,100,100,95,90,100,95,85,12,100,88.8888888888889,80,80,76,74.25,95,82.5,96.5625,89.6296,100,92.03819,"A"
80,75,90,90,100,93,98,90,85,12,91.6666666666667,88.8888888888889,75,100,69.6,76.5,87,85,90.75,93.5185,100,89.902775,"A-"
92.5,82.5,87.5,90,100,82,82,0,85,9,50,44.4444444444444,0,25,45.6,52.2,57,58,87.6875,39.8148,60,64.17847,"C-"
76,80,100,95,90,93,89,87.5,80,12,100,66.6666666666667,70,85,55.2,66.6,69,74,89.3125,85,100,81.84375,"B-"
82.5,85,92.5,95,90,100,100,100,80,12,66.6666666666667,55.5555555555556,85,0,62.4,47.25,78,52.5,93.125,69.0741,100,77.023615,"C"
77.5,62.5,97.5,80,0,83,100,75,70,11,66.6666666666667,44.4444444444444,70,80,67.2,69.3,84,77,80.6875,72.2222,100,81.08958,"B-"
77.5,100,100,100,100,99,92,100,98,12,91.6666666666667,100,90,100,76,85.5,95,95,98.625,97.2222,100,96.92083,"A+"
87.5,85,92.5,80,100,99,0,100,75,12,100,100,60,100,75.2,70.2,94,78,89.875,100,100,90.2625,"A"
67.5,95,82.5,95,60,79,89,100,85,12,83.3333333333333,83.3333333333333,67.5,95,76.8,81.9,96,91,86.625,87.2222,100,91.02083,"A"
30,0,0,100,85,91,77,85,85,12,25,55.5555555555556,25,30,38.4,38.7,48,43,69.125,36.8519,100,56.615285,"D"
92.5,100,100,0,100,100,0,100,100,12,91.6666666666667,100,100,100,64,78.3,80,87,86.5625,100,100,88.71875,"A-"
82.5,0,95,100,95,99,100,100,100,9,75,72.2222222222222,80,95,70.4,75.6,88,84,96.4375,83.3333,60,86.031245,"B+"
77.5,97.5,100,70,0,96,100,80,75,12,66.6666666666667,11.1111111111111,45,75,48.8,49.5,61,55,87,62.2222,100,71.38333,"C"
80,75,0,67.5,77.5,87,100,82.5,90,11,83.3333333333333,83.3333333333333,90,90,57.6,72.9,72,81,82.4375,87.7778,100,82.54792,"B"
0,85,80,75,100,78,0,90,0,12,91.6666666666667,38.8888888888889,75,0,58.4,37.35,73,41.5,63.5,68.5185,100,64.302775,"C-"
87.5,85,92.5,85,95,91,92,90,90,12,91.6666666666667,50,0,85,64,65.7,80,73,90.375,75.5556,100,82.69584,"B"
73.5,0,92.5,90,80,0,100,100,75,12,83.3333333333333,72.2222222222222,65,95,70.4,65.7,88,73,76.375,83.5185,100,81.290275,"B-"
79,95,92.5,65,72.5,91,100,0,76,11,33.3333333333333,77.7777777777778,95,95,59.2,75.6,74,84,83.875,89.2593,100,84.351395,"B"
0,0,0,42.5,0,0,0,0,0,10,58.3333333333333,0,0,0,42.4,35.55,53,39.5,5.3125,19.4444,80,32.98541,"F"
100,97.5,100,90,100,99,100,100,100,12,100,77.7777777777778,90,95,69.6,84.6,87,94,99.5625,95,100,95.01875,"A+"
92.5,95,100,0,100,93,90,85,100,12,83.3333333333333,100,70,80,65.6,80.55,82,89.5,94.4375,87.7778,100,90.27292,"A"
96,97.5,100,0,100,89,97,100,99,12,100,66.6666666666667,80,95,73.6,78.3,92,87,97.3125,91.6667,100,93.093755,"A"
45,77.5,67.5,70,90,71,89,90,85,12,33.3333333333333,72.2222222222222,47.5,70,57.6,63.9,72,71,80,63.2407,100,75.636105,"C"
0,85,85,67.5,90,88,96,75,95,12,58.3333333333333,66.6666666666667,50,0,48.8,40.95,61,45.5,85.1875,58.3333,100,67.881245,"C-"
85,92.5,100,100,95,90,100,97.5,100,12,100,77.7777777777778,75,60,62.4,61.2,78,68,96.875,84.2593,100,84.301395,"B"
82.5,70,100,65,97,71,78,85,85,11,75,38.8888888888889,55,80,70.4,55.8,88,62,83.5625,70,100,78.66875,"C+"
92.5,92.5,100,80,95,97,97,95,80,12,83.3333333333333,55.5555555555556,75,90,57.6,54.9,72,61,93.625,82.7778,100,80.15417,"B-"
55,85,100,100,60,100,80,90,90,12,91.6666666666667,77.7777777777778,85,100,71.2,76.5,89,85,88.125,92.2222,100,89.32083,"A-"
92.5,77.5,92.5,100,100,96,89,97.5,99,12,83.3333333333333,72.2222222222222,80,100,58.4,71.55,73,79.5,95.8125,87.7778,100,86.38542,"B+"
62.5,97.5,82.5,67.5,90,98,100,80,100,12,75,72.2222222222222,57.5,75,55.2,50.4,69,56,89.4375,74.0741,100,75.742365,"C"
100,100,92.5,100,100,0,94,85,0,10,41.6666666666667,83.3333333333333,70,0,71.2,75.6,89,84,83.9375,65,80,81.73125,"B-"
87.5,92.5,100,90,87,96,94,95,70,12,95.8333333333333,83.3333333333333,70,15,64.8,42.3,81,47,92.75,83.0556,100,78.23334,"C+"
92.5,100,100,100,100,99,100,100,97,12,100,100,100,100,64.8,88.2,81,98,99.5,100,100,95.55,"A+"
95,96,100,100,100,97,30,95,98,12,91.6666666666667,44.4444444444444,80,95,44,63.9,55,71,97.625,88.8889,100,81.370835,"B-"
77.5,95,97.5,80,100,94,99,100,85,12,83.3333333333333,88.8888888888889,60,100,60.8,72.9,76,81,93.8125,90.7407,100,87.204855,"B+"
88.5,97,100,90,100,99,97,100,85,12,66.6666666666667,88.8888888888889,95,65,57.6,72.9,72,81,96.4375,83.5185,100,86.109025,"B+"
72.5,62.5,100,99,100,0,0,100,99,10,91.6666666666667,83.3333333333333,0,85,62.4,78.75,78,87.5,79.125,86.6667,80,82.212505,"B"
87,100,92.5,80,100,89,50,80,98,12,83.3333333333333,0,60,85,66.4,82.8,83,92,90.8125,76.1111,100,88.260415,"A-"
75,100,100,90,100,95,97,95,85,12,91.6666666666667,66.6666666666667,65,95,62.4,60.3,78,67,95.25,84.4444,100,83.59166,"B"
92.5,85,85,0,95,99,81,90,75,12,91.6666666666667,94.4444444444444,45,90,52.8,75.15,66,83.5,87.8125,92.037,100,84.2243,"B"
84,100,87.5,70,100,97,100,90,100,12,83.3333333333333,61.1111111111111,95,80,42.4,55.35,53,61.5,94.8125,86.1111,100,77.335415,"C"
77.5,95,95,95,90,89,99,90,85,12,100,77.7777777777778,90,100,71.2,87.3,89,97,92.25,96.6667,100,94.225005,"A"
62.5,90,52.4,90,54,75,25,0,60,11,50,11.1111111111111,0,5,21.6,23.4,27,26,63.6125,22.037,100,44.2893,"F"
80,85,85,90,72,95,92,100,60,12,79.1666666666667,72.2222222222222,55,90,65.6,65.7,82,73,87.375,80.463,100,82.93195,"B"
0,62.5,10,55,66,0,0,60,30,7,75,0,15,40,32.8,29.25,41,32.5,35.4375,43.3333,20,35.456245,"F"
87.5,85,100,100,95,90,100,90,80,12,100,83.3333333333333,65,95,49.6,62.1,62,69,93.4375,92.7778,100,81.59792,"B-"
77.5,95,75,100,100,90,97.5,95,100,12,100,88.8888888888889,95,85,56,73.8,70,82,94.375,94.6296,100,87.00694,"B+"
92.5,100,100,100,100,93,88,100,80,12,66.6666666666667,27.7777777777778,75,90,64.8,69.75,81,77.5,96.6875,77.2222,100,86.16458,"B+"
88.5,100,100,100,100,99,100,100,100,12,100,100,85,90,68,77.4,85,86,99.875,96.6667,100,92.962505,"A"
50,100,97.5,75,76.25,94,77,93.5,75,12,91.6666666666667,100,90,100,70.4,76.5,88,85,86.0312,97.2222,100,89.24269,"A-"
80,100,77.5,77.5,95,90,95,80,0,9,66.6666666666667,77.7777777777778,67.5,0,76,58.95,95,65.5,86.875,70.6481,60,78.034715,"C+"
77.5,90,100,100,90,95,97,100,100,12,75,77.7777777777778,80,90,64.8,59.85,81,66.5,96.5,82.5926,100,84.16389,"B"
86,97.5,100,90,100,98,97,100,100,12,83.3333333333333,100,90,100,77.6,80.1,97,89,97.8125,96.6667,100,95.493755,"A+"
100,100,97.5,100,100,100,100,100,100,12,100,100,100,100,80,85.5,100,95,100,100,100,98.75,"A+"
95,85,100,100,100,93,100,90,100,12,100,100,90,100,72,84.6,90,94,97.25,100,100,95.675,"A+"
100,99,100,90,100,99,100,95,99,12,100,88.8888888888889,95,95,72,78.3,90,87,99,96.6667,100,93.950005,"A"
60,100,92.5,100,100,94,100,80,100,12,75,50,45,65,62.4,75.6,78,84,95.8125,63.3333,100,84.843745,"B"
87.5,92.5,100,80,95,89,95,95,90,12,83.3333333333333,77.7777777777778,65,70,55.2,79.2,69,88,93,77.037,100,85.25555,"B"
99,83,92.5,98,100,0,0,0,0,6,33.3333333333333,16.6666666666667,0,0,29.6,12.6,37,14,59.0625,16.6667,0,31.118755,"F"
100,100,100,100,100,100,0,100,96,11,75,77.7777777777778,55,80,64.8,58.5,81,65,99.5,77.5926,100,83.93889,"B"
82.5,100,93.5,100,100,95,80,90,100,12,66.6666666666667,88.8888888888889,70,85,63.2,63.45,79,70.5,95.125,81.2963,100,84.156945,"B"
52.5,100,82.5,90,100,94,100,75,85,12,91.6666666666667,50,42.5,85,66.8,74.25,83.5,82.5,90.8125,75.5556,100,85.90209,"B"
60,70,85,75,0,0,0,0,0,3,66.6666666666667,77.7777777777778,0,95,67.2,65.7,84,73,36.25,79.8148,0,57.89722,"D"
90,0,70,90,0,44,0,40,55,10,91.6666666666667,77.7777777777778,55,65,43.2,49.5,54,55,48.625,78.1481,80,58.859715,"D"
87.5,100,100,100,100,100,100,100,80,12,100,100,65,100,80,84.6,100,94,98.4375,100,100,98.03125,"A+"
92.5,100,100,70,100,100,92,100,80,12,91.6666666666667,94.4444444444444,85,85,60.8,50.85,76,56.5,95.5625,90.3704,100,81.54931,"B-"
87.5,60,100,100,95,92,79,95,100,12,58.3333333333333,66.6666666666667,70,95,60,76.5,75,85,93.5625,77.2222,100,85.90208,"B"
85,95,100,100,95,100,89,97.5,85,12,91.6666666666667,66.6666666666667,82.5,100,72,79.2,90,88,95.1875,91.3889,100,92.264585,"A"
83.5,100,0,90,70,94,76,100,100,12,100,61.1111111111111,90,95,60,67.05,75,74.5,89.1875,95,100,84.63125,"B"
85,100,92.5,100,95,100,90,65,100,12,66.6666666666667,100,75,85,66.4,79.2,83,88,95.3125,86.6667,100,90.193755,"A"
92.5,100,92.5,70,100,82,86,60,100,12,66.6666666666667,66.6666666666667,40,45,69.6,63.9,87,71,90.375,59.4444,100,81.17916,"B-"
92.5,97.5,95,100,91.25,100,94,100,95,12,83.3333333333333,77.7777777777778,40,95,62.4,66.6,78,74,96.75,85.3704,100,85.93056,"B"
86,100,100,90,100,92.5,0,90,100,12,58.3333333333333,33.3333333333333,85,90,32.8,66.6,41,74,94.8125,77.7778,100,76.81042,"C"
92.5,100,0,90,100,100,89,100,100,12,83.3333333333333,72.2222222222222,80,95,70.4,77.4,88,86,96.4375,86.1111,100,90.947915,"A"
82.5,80,95,90,100,98,92,100,85,11,91.6666666666667,88.8888888888889,60,90,68,72.9,85,81,92.8125,90.1852,100,88.62153,"A-"
85,42.5,0,0,0,66,0,0,80,6,83.3333333333333,66.6666666666667,0,70,52,43.2,65,48,34.1875,73.3333,0,46.256245,"F"
77.5,100,97.5,65,72,81,97,100,75,10,79.1666666666667,50,0,85,64.8,62.1,81,69,87.5,71.3889,80,78.408335,"C+"
70,80,90,100,90,0,90,90,85,12,91.6666666666667,0,75,90,36,46.8,45,52,86.875,85.5556,100,70.89584,"C"
77.5,92.5,95,90,0,95,94,100,100,10,66.6666666666667,88.8888888888889,70,45,66.4,70.2,83,78,93,75.1852,80,83.27778,"B"
92.5,97.5,100,100,100,99,97,100,100,12,91.6666666666667,61.1111111111111,85,70,57.6,72.9,72,81,99.1875,82.2222,100,86.73958,"B+"
89.5,100,97.5,80,96.25,96,51,85,100,12,100,66.6666666666667,75,85,69.6,74.7,87,83,93.0312,86.6667,100,89.059365,"A-"
89,100,55,98,100,83,100,0,97,9,75,61.1111111111111,0,100,70.4,69.3,88,77,90.25,78.7037,60,81.730555,"B-"
65,82.5,87.5,85,95,95,100,90,80,12,91.6666666666667,77.7777777777778,75,95,70.4,78.3,88,87,89.375,88.1481,100,89.384715,"A-"
92.5,100,100,70,100,100,91,80,90,12,100,66.6666666666667,60,90,68.8,73.35,86,81.5,94.1875,85.5556,100,88.66459,"A-"
92.5,97.5,100,0,100,99,94,90,100,12,91.6666666666667,88.8888888888889,80,95,71.2,79.2,89,88,96.625,91.8519,100,92.565285,"A"
92.5,82,92.5,75,100,99,76,90,89,12,100,83.3333333333333,80,40,67.2,78.3,84,87,90.125,87.7778,100,88.75417,"A-"
70,78,95,0,90,97,100,80,100,11,75,27.7777777777778,50,55,64.8,63.9,81,71,88.75,60,100,79.575,"B-"
80,57.5,100,60,80,78,70,95,94,12,83.3333333333333,66.6666666666667,70,90,68.8,64.35,86,71.5,82.125,81.1111,100,81.879165,"B-"
92.5,100,92.5,95,100,97,97,100,85,12,58.3333333333333,50,52.5,60,68,63,85,70,96.75,56.9444,100,82.06666,"B"
82.5,100,100,100,100,98,71,100,91,12,91.6666666666667,83.3333333333333,80,95,69.6,80.1,87,89,96.4375,90,100,92.08125,"A"
80,0,95,0,55,0,0,0,75,7,83.3333333333333,0,0,65,53.6,60.75,67,67.5,38.125,49.4444,20,51.12916,"D"
42.5,52.5,90,72.5,100,95,88,80,85,12,83.3333333333333,88.8888888888889,42.5,80,65.6,63,82,70,82.875,84.0741,100,81.373615,"B-"
80,92.5,100,90,100,94,85,90,85,11,91.6666666666667,88.8888888888889,75,100,66.4,57.15,83,63.5,92.0625,93.5185,100,84.121525,"B"
70,100,92.5,82.5,100,99,97,90,85,12,75,83.3333333333333,80,90,69.6,80.1,87,89,93.25,84.4444,100,90.29166,"A"
90,100,100,100,95,99,100,100,100,12,91.6666666666667,100,80,90,70.4,74.7,88,83,99.25,93.8889,100,92.208335,"A"
70,92.5,90,85,95,99,88,90,90,12,91.6666666666667,88.8888888888889,75,90,69.6,65.7,87,73,91.1875,90.1852,100,86.53403,"B+"
100,100,85,90,85,89,92,95,95,12,100,94.4444444444444,80,100,79.2,81.9,99,91,93.25,98.1481,100,95.247215,"A+"
100,100,92.5,80,100,98,100,80,100,10,100,0,90,0,70.4,82.8,88,92,96.3125,63.3333,80,86.993745,"B+"
40,0,82.5,0,70,0,52,0,98,12,58.3333333333333,61.1111111111111,0,75,46.4,36,58,40,42.8125,64.8148,100,54.16597,"D"
92.5,100,92.5,90,100,96,85,90,85,12,83.3333333333333,88.8888888888889,80,75,60,70.65,75,78.5,93.25,84.0741,100,85.211115,"B"
92.5,85,100,85,95,100,92,90,75,12,91.6666666666667,61.1111111111111,80,100,71.2,74.7,89,83,92.4375,90.5556,100,89.86459,"A-"
87,100,100,100,100,93,91,80,98,10,83.3333333333333,88.8888888888889,50,85,48,54,60,60,96.125,85.7407,80,76.698605,"C"
75,97.5,67.5,80,95,90,58,100,85,12,100,77.7777777777778,67.5,85,57.6,56.7,72,63,86.25,87.5926,100,79.16389,"C+"
100,100,92.5,90,95,95,100,100,80,12,83.3333333333333,100,80,100,72,80.1,90,89,96.5625,94.4444,100,93.38541,"A"
85,85,85,85,85,72,85,65,80,6,75,38.8888888888889,60,70,48.8,54.9,61,61,82.75,68.3333,0,62.524995,"C-"
92.5,70,90,75,100,100,84,100,75,12,100,88.8888888888889,85,95,69.6,66.6,87,74,89.5625,94.6296,100,86.96319,"B+"
85,99,92.5,0,0,0,0,0,0,3,41.6666666666667,0,0,0,75.2,66.6,94,74,34.5625,13.8889,0,49.752085,"F"
80,100,100,0,90,0,100,70,0,10,83.3333333333333,0,30,70,64,55.35,80,61.5,67.5,61.1111,80,68.791665,"C-"
65,100,55,90,100,86.5,100,85,85,9,83.3333333333333,88.8888888888889,52.5,90,68,60.3,85,67,88.9375,87.4074,60,79.54236,"B-"
60,100,92.5,100,95,71,90,92.5,85,10,91.6666666666667,88.8888888888889,52.5,100,72,74.25,90,82.5,90.75,93.5185,80,87.877775,"B+"
75,100,100,100,100,95,100,100,100,12,100,88.8888888888889,82.5,100,66.4,76.05,83,84.5,99.375,96.2963,100,91.981945,"A"
67.5,80,77.5,47.5,100,80,76,77.5,80,12,83.3333333333333,77.7777777777778,75,80,44,64.35,55,71.5,79.8125,80.3704,100,74.87431,"C"
73.5,70,92.5,80,100,97,90,100,96,12,66.6666666666667,61.1111111111111,75,85,65.6,73.8,82,82,91.125,75.5556,100,85.57084,"B"
75,90,95,70,85,85,0,62.5,100,12,83.3333333333333,88.8888888888889,40,80,59.2,68.4,74,76,82.8125,84.0741,100,81.254865,"B-"
70,97.5,100,70,100,100,97,95,85,12,91.6666666666667,50,80,70,61.2,64.8,76.5,72,93.0625,80.5556,100,83.30209,"B"
82.5,100,100,100,97,100,100,90,75,12,91.6666666666667,72.2222222222222,65,80,62.4,57.15,78,63.5,96.1875,81.2963,100,82.525695,"B"
91.5,97.5,98,90,92,95,62,95,90,12,66.6666666666667,44.4444444444444,90,90,64,65.25,80,72.5,93.625,82.2222,100,84.54583,"B"
100,72.5,100,100,100,99,97,100,100,12,66.6666666666667,100,85,50,66.4,67.5,83,75,99.5,83.8889,100,87.783335,"B+"
95,100,100,100,100,89,98,85,100,12,91.6666666666667,66.6666666666667,60,80,52.8,63.9,66,71,97.75,79.4444,100,82.19166,"B"
62.5,0,0,0,65,76,71,90,97.5,9,0,44.4444444444444,55,100,68,34.2,85,38,57.75,66.4815,60,59.797225,"D"
52.5,55,85,67.5,90,78,92,80,80,12,50,72.2222222222222,0,85,52,54.45,65,60.5,78.4375,69.0741,100,72.017365,"C"
92.5,97.5,0,85,90,76,81,90,80,12,91.6666666666667,50,60,75,69.6,78.3,87,87,86.5,75.5556,100,86.43334,"B+"
100,100,92.5,90,100,99,90,95,100,12,100,100,85,90,70.4,80.1,88,89,97.0625,96.6667,100,93.468755,"A"
82,100,87.5,90,100,96,100,80,95,11,75,72.2222222222222,55,75,55.2,57.6,69,64,93.8125,74.0741,100,79.054865,"C+"
72.5,95,100,80,100,76,100,90,70,12,91.6666666666667,100,100,100,68.8,81,86,90,89.1875,100,100,91.45625,"A"
82.5,85,95,90,100,95,87,85,85,12,91.6666666666667,88.8888888888889,70,100,59.2,71.1,74,79,90.25,93.5185,100,85.652775,"B"
89.5,100,100,70,100,0,97,100,98,10,75,72.2222222222222,70,75,56,56.7,70,63,94.3125,74.0741,80,77.154865,"C"
95,75,100,100,100,99,85,85,100,12,50,55.5555555555556,50,95,60.8,51.3,76,57,95.5,66.8519,100,78.127785,"C+"
92.5,100,100,100,100,100,100,100,100,12,66.6666666666667,61.1111111111111,80,90,66.4,66.6,83,74,100,78.8889,100,86.933335,"B+"
92.5,0,92.5,95,100,95,0,0,80,9,83.3333333333333,0,35,60,55.2,41.4,69,46,69.375,59.4444,60,61.02916,"C-"
67,0,47.5,90,100,59,59,80,98,12,91.6666666666667,88.8888888888889,85,90,63.2,70.65,79,78.5,75.0625,90.1852,100,81.47153,"B-"
90,90,90,90,0,0,0,0,0,6,50,0,35,0,66.24,12.6,82.8,14,45,28.3333,0,37.809995,"F"
90,80,80,60,71.25,95,95,100,90,12,66.6666666666667,77.7777777777778,65,75,63.2,61.65,79,68.5,87.6562,73.1481,100,80.194075,"B-"
0,0,82.5,75,90,0,87,0,80,10,75,0,50,90,30.4,27,38,30,51.8125,71.6667,80,49.393755,"F"
77.5,100,92.5,65,90,78,97,95,80,12,70.8333333333333,55.5555555555556,85,90,40.8,65.7,51,73,88.75,81.9444,100,77.36666,"C"
90,77.5,100,90,100,83,100,100,100,12,50,50,80,35,54.4,58.05,68,64.5,95.375,60,100,77.3375,"C"
85,100,100,95,100,96,88,90,85,12,91.6666666666667,100,70,85,68,73.35,85,81.5,94.25,92.2222,100,89.48333,"A-"
100,100,100,90,94,98,97,85,91,12,83.3333333333333,77.7777777777778,55,80,70.4,65.7,88,73,96.25,80.3704,100,86.78056,"B+"
75,85,92.5,55,51,68,76,80,80,12,66.6666666666667,50,50,85,68.8,63,86,70,76.4375,67.2222,100,77.71458,"C+"
88.5,0,0,100,85,99,90,85,79,12,91.6666666666667,88.8888888888889,65,95,68.8,69.3,86,77,78.3125,91.8519,100,83.721535,"B"
77.5,100,92.5,90,95,97,100,90,0,11,100,66.6666666666667,85,95,61.6,81.9,77,91,92.75,93.3333,100,89.974995,"A-"
72.5,100,100,95,100,83,88,60,85,12,91.6666666666667,72.2222222222222,75,90,71.2,74.7,89,83,90.4375,85.5556,100,88.51459,"A-"
55,92.5,92.5,97.5,75,77,100,85,85,12,41.6666666666667,77.7777777777778,52.5,95,60.8,70.65,76,78.5,88.0625,75.0926,100,82.50764,"B"
90,90,90,90,90,93,67,0,0,11,75,100,0,0,69.6,61.2,87,68,76.25,58.3333,100,76.024995,"C"
67.5,67.5,95,77.5,100,87.5,70,90,85,7,33.3333333333333,0,25,45,68.8,62.1,86,69,84.0625,34.4444,20,66.83541,"C-"
73.5,80,100,100,90,89,94,90,0,12,66.6666666666667,77.7777777777778,75,85,63.2,60.75,79,67.5,89.5625,79.2593,100,81.432645,"B-"
92.5,100,100,30,100,100,100,85,75,12,91.6666666666667,27.7777777777778,0,100,63.6,44.1,79.5,49,94.0625,73.1481,100,77.340965,"C"
65,50,72.5,90,80,0,0,62.5,0,8,83.3333333333333,72.2222222222222,50,0,65.6,63.45,82,70.5,52.5,68.5185,40,64.052775,"C-"
92.5,100,100,90,100,99,99,87.5,100,12,58.3333333333333,88.8888888888889,80,55,48.8,53.1,61,59,97.5625,75.7407,100,77.579855,"C+"
88.5,92.5,95,60,85,0,0,100,0,11,58.3333333333333,0,40,35,56.8,49.95,71,55.5,65.125,44.4444,100,64.27916,"C-"
72.5,100,77.5,45,89,90,90,75,65,12,54.1666666666667,55.5555555555556,75,65,57.6,54,72,60,82.375,65.1852,100,73.89028,"C"
87.5,100,82.5,90,100,90,100,80,85,12,58.3333333333333,72.2222222222222,30,55,61.6,24.3,77,27,91.875,61.8519,100,68.990285,"C-"
77.5,77.5,95,100,99,92,80,87.5,85,11,33.3333333333333,44.4444444444444,65,60,61.6,44.1,77,49,89.5,56.4815,100,72.972225,"C"
73.5,72.5,60,0,80,0,0,60,0,11,66.6666666666667,55.5555555555556,40,0,68,49.5,85,55,43.25,54.0741,100,61.836115,"C-"
100,85,92.5,100,90,99,0,100,100,12,66.6666666666667,100,100,85,61.2,80.1,76.5,89,95.8125,95,100,90.54375,"A"
94,100,100,100,100,98,100,100,100,12,100,83.3333333333333,70,85,71.2,77.85,89,86.5,99.75,89.4444,100,92.76666,"A"
97.5,100,97.5,100,100,86,100,90,100,12,91.6666666666667,100,65,90,62.4,80.1,78,89,98.125,93.8889,100,91.370835,"A"
94.5,97,96,100,80,100,97,100,100,12,75,83.3333333333333,50,100,64,68.85,80,76.5,98.0625,86.1111,100,87.460415,"B+"
92.5,100,100,98,100,98,86,100,98,12,100,83.3333333333333,50,80,66.4,72,83,80,98.3125,87.7778,100,89.26042,"A-"
100,100,100,65,95,94,100,95,100,12,100,55.5555555555556,80,90,70.4,80.1,88,89,98,90,100,92.75,"A"
100,85,100,100,100,99,97,80,95,12,100,100,95,100,80,84.6,100,94,97,100,100,97.6,"A+"
92.5,100,97.5,80,95,100,90,100,70,12,100,100,85,100,79.2,88.2,99,98,94.375,100,100,97.6125,"A+"
95,85,100,70,0,99,95,95,100,12,91.6666666666667,72.2222222222222,50,90,77.6,86.4,97,96,92.375,84.6296,100,93.80694,"A"
92.5,100,95,100,100,90,100,85,97.5,12,25,33.3333333333333,20,65,31.2,20.7,39,23,96.875,41.1111,100,58.779165,"D"
92.5,100,97.5,100,100,99,92,100,85,12,91.6666666666667,88.8888888888889,95,95,63.2,68.85,79,76.5,97.625,93.8889,100,88.295835,"A-"
87.5,87.5,100,60,95,72,70,80,0,12,83.3333333333333,61.1111111111111,60,0,62.4,62.1,78,69,81.5,68.1481,100,77.522215,"C+"
80,0,77.5,20,0,37,67,50,85,10,33.3333333333333,16.6666666666667,30,40,50.4,58.5,63,65,52.0625,34.4444,80,57.63541,"D"
82.5,95,90,77.5,100,95,84,85,100,12,83.3333333333333,88.8888888888889,80,75,46.4,61.2,58,68,91.4375,84.0741,100,78.642365,"C+"
82.5,97.5,75,50,42.5,86,61,85,100,12,58.3333333333333,61.1111111111111,35,80,55.2,49.95,69,55.5,79.625,66.4815,100,71.534725,"C"
96,99,91.5,70,93,86,65,75,90,12,66.6666666666667,38.8888888888889,30,70,41.6,35.1,52,39,87.5625,58.5185,100,65.196525,"C-"
75,85,100,100,100,99,90,90,80,11,91.6666666666667,83.3333333333333,95,95,70.4,82.8,88,92,93,93.8889,100,92.583335,"A"
92.5,100,100,90,100,99,100,95,100,12,91.6666666666667,77.7777777777778,75,65,66.4,70.2,83,78,98.3125,81.4815,100,87.815975,"B+"
94.5,84,95,95,100,98,86,100,0,12,66.6666666666667,72.2222222222222,80,70,40.8,58.95,51,65.5,94.0625,74.0741,100,75.904865,"C"
72.5,77.5,0,75,85,0,0,0,65,10,0,27.7777777777778,35,35,19.2,18.45,24,20.5,46.875,32.5926,80,36.87639,"F"
100,79,85,95,85,91,79,75,92,12,91.6666666666667,44.4444444444444,90,90,64,63.9,80,71,88.25,90.5556,100,83.80834,"B"
92.5,100,100,90,98,99,97,100,95,12,66.6666666666667,66.6666666666667,55,75,25.6,54.9,32,61,97.6875,69.4444,100,71.37291,"C"
100,100,90,100,100,94,100,100,0,11,100,77.7777777777778,75,0,72,72.9,90,81,98,84.2593,100,90.288895,"A"
93,73,100,88,100,96,80,95,95,10,100,50,65,60,76,65.25,95,72.5,93.375,75,80,84.3875,"B"
100,85,97.5,100,95,0,89,90,90,11,79.1666666666667,94.4444444444444,50,85,49.6,66.6,62,74,93.3125,86.2037,100,81.824305,"B-"
92.5,100,100,70,100,100,100,100,85,12,75,88.8888888888889,95,0,67.2,72.45,84,80.5,97.1875,86.2963,100,89.025695,"A-"
92.5,92.5,90,90,100,90,100,90,85,12,83.3333333333333,72.2222222222222,85,100,63.2,86.4,79,96,93.125,89.4444,100,91.15416,"A"
68,55.5,85,0,65,50,52,0,20,10,50,50,30,35,43.2,28.8,54,32,49.4375,45,80,48.38125,"F"
92.5,92.5,100,90,100,100,100,0,80,12,95.8333333333333,100,0,100,70.4,78.3,88,87,94.375,98.6111,100,92.454165,"A"
57.5,100,100,0,80,93,76,75,95,12,75,72.2222222222222,70,90,79.2,66.6,99,74,84.5625,79.0741,100,85.529865,"B"
89.5,57,95,90,0,98,0,75,100,9,75,77.7777777777778,45,55,37.6,71.1,47,79,75.5625,69.2593,60,68.207645,"C-"
89.5,79,97.5,100,90,99,100,100,99,12,100,88.8888888888889,75,90,68.8,85.95,86,95.5,96.875,92.963,100,94.08195,"A"
75,100,92.5,100,100,99,100,90,100,12,83.3333333333333,88.8888888888889,95,100,77.6,77.4,97,86,97.6875,94.6296,100,94.40069,"A"
87.5,92.5,90,80,90,80,89,90,55,12,75,77.7777777777778,80,100,52,71.1,65,79,87.375,85.9259,100,81.851385,"B-"
57.5,70,82.5,0,55,0,51,45,0,11,83.3333333333333,38.8888888888889,57.5,0,40,55.8,50,62,45.125,59.9074,100,58.02361,"D"
52.5,77.5,97.5,50,95,80,79,90,50,12,66.6666666666667,38.8888888888889,65,90,46.4,52.65,58,58.5,77.6875,73.8889,100,70.614585,"C"
82.5,0,92.5,80,93,98,85,100,85,12,83.3333333333333,77.7777777777778,55,90,68.8,75.15,86,83.5,89.5,83.7037,100,87.480555,"B+"
62.5,70,87.5,60,100,80,84,95,80,12,41.6666666666667,88.8888888888889,65,75,42.4,63.9,53,71,82.375,76.2963,100,74.506945,"C"
65,55,87.5,90,90,72,77,0,80,12,83.3333333333333,72.2222222222222,57.5,80,68,75.6,85,84,77.0625,78.5185,100,82.896525,"B"
85,90,90,20,95,85,97,75,80,12,58.3333333333333,27.7777777777778,50,30,59.52,57.6,74.4,64,87.125,46.1111,100,73.934165,"C"
100,100,100,100,100,75,100,95,65,12,95.8333333333333,72.2222222222222,45,85,50.4,68.4,63,76,96.25,84.3519,100,83.127785,"B"
87.5,100,92.5,100,100,100,90,100,100,12,83.3333333333333,88.8888888888889,75,85,69.6,81,87,90,97.8125,85.7407,100,92.104855,"A"
92.5,70,85,80,100,97,79,100,85,12,83.3333333333333,100,95,100,76.8,68.4,96,76,89.8125,98.3333,100,89.893745,"A-"
62.5,80,75,100,95,95,100,85,100,12,75,100,80,75,56.8,53.55,71,59.5,91.25,85,100,79.2,"C+"
87,100,100,100,99,99,100,100,96,11,50,66.6666666666667,70,90,64,78.75,80,87.5,99.25,75.5556,100,88.98334,"A-"
60,75,100,0,100,94,100,90,100,10,50,33.3333333333333,25,40,69.6,44.55,87,49.5,89.875,41.1111,80,70.904165,"C"
79,96.5,92.5,100,100,98,87,100,82,12,100,77.7777777777778,75,100,66.4,70.65,83,78.5,94.5,92.5926,100,88.46389,"A-"
87.5,97.5,95,90,90,88,100,60,100,12,66.6666666666667,83.3333333333333,67.5,0,68.8,70.2,86,78,93.5,72.5,100,85.625,"B"
60,82.5,92.5,80,0,73,85.5,100,85,11,75,50,57.5,65,76.8,74.7,96,83,82.3125,65.8333,100,84.518745,"B"
90,100,100,100,95,99,100,95,100,12,100,100,80,90,64.8,72.9,81,81,98.625,96.6667,100,90.537505,"A"
92.5,100,100,100,100,99,100,100,95,12,83.3333333333333,66.6666666666667,70,95,71.2,76.5,89,85,99.25,82.7778,100,91.24167,"A"
87.5,100,65,70,0,76,80,100,98,9,50,33.3333333333333,55,95,53.6,70.2,67,78,84.5625,66.6667,60,74.268755,"C"
0,85,100,100,100,99,100,97.5,100,12,66.6666666666667,77.7777777777778,70,75,60,81,75,90,97.6875,74.2593,100,87.945145,"B+"
70,70,55,65,72.5,58,47,60,80,12,91.6666666666667,55.5555555555556,75,100,65.6,58.05,82,64.5,66.3125,88.8889,100,75.752085,"C"
82.5,77.5,100,90,95,93,84,100,85,12,100,77.7777777777778,85,45,59.2,70.2,74,78,91.1875,87.5926,100,84.79514,"B"
100,85,100,100,100,87,97,90,100,12,66.6666666666667,100,85,90,64,66.15,80,73.5,96.75,91.6667,100,87.150005,"B+"
82.5,100,92.5,80,100,99,100,80,100,12,100,100,90,100,71.2,89.1,89,99,94.25,100,100,95.825,"A+"
0,80,100,95,78,90,77,75,97,11,83.3333333333333,66.6666666666667,55,85,58.4,59.85,73,66.5,86.5,78.3333,100,78.924995,"C+"
77.5,0,92.5,90,85,66,48,70,85,12,50,50,25,30,28,40.05,35,44.5,76.75,43.3333,100,57.649995,"D"
92.5,72.5,72.5,30,0,83,100,0,85,12,58.3333333333333,44.4444444444444,35,15,20.8,18.45,26,20.5,66.9375,45.9259,100,47.295135,"F"
92.5,100,100,100,100,99,97,100,85,12,91.6666666666667,100,95,100,71.2,79.65,89,88.5,98.5625,98.3333,100,94.243745,"A"
73.5,85,95,90,99,88,97,90,100,12,50,77.7777777777778,45,70,75.2,64.8,94,72,93,65.9259,100,84.588885,"B"
92.5,100,100,100,100,100,92,0,95,12,91.6666666666667,94.4444444444444,75,100,78.4,80.1,98,89,97.4375,95.3704,100,95.38681,"A+"
92.5,92.5,97.5,80,97,100,89,90,60,11,87.5,66.6666666666667,30,70,51.2,44.1,64,49,92.3125,74.7222,100,73.95208,"C"
52.5,47.5,97.5,75,65,81,79,90,65,10,75,44.4444444444444,40,75,39.2,60.3,49,67,75.625,64.8148,80,66.95972,"C-"
77.5,92.5,77.5,90,93,90,90,55,65,11,66.6666666666667,44.4444444444444,30,50,64,49.05,80,54.5,84.4375,53.7037,100,73.011805,"C"
72.5,65,90,70,75,84,65,80,85,11,83.3333333333333,61.1111111111111,80,95,64,71.1,80,79,77.6875,86.1111,100,81.972915,"B-"
78.5,0,72.5,90,95,87,97,100,100,11,50,77.7777777777778,85,65,56,60.75,70,67.5,90,75.9259,100,79.263885,"C+"
80,100,95,70,87.5,90,96,100,85,12,91.6666666666667,61.1111111111111,55,95,61.6,80.55,77,89.5,91.6875,82.5926,100,87.67014,"B+"
62.5,0,77.5,90,100,98,100,90,100,12,100,94.4444444444444,35,90,76,74.25,95,82.5,89.75,94.8148,100,90.77222,"A"
94,100,100,90,100,99,100,95,95,12,91.6666666666667,77.7777777777778,80,90,56.8,65.25,71,72.5,97.875,87.2222,100,84.77083,"B"
66,85,90,90,100,0,65,95,100,12,83.3333333333333,22.2222222222222,75,65,42.4,36.9,53,41,86.375,74.4444,100,67.92916,"C-"
77.5,85,85,60,100,100,86,100,80,12,75,83.3333333333333,75,65,44,60.3,55,67,89.1875,77.7778,100,76.17292,"C"
87.5,77.5,100,95,95,100,0,75,75,12,95.8333333333333,88.8888888888889,75,100,67.2,72.9,84,81,88.125,94.9074,100,87.72361,"B+"
99.5,100,100,90,72.5,100,97,100,98,12,91.6666666666667,100,75,90,56,70.2,70,78,98.0625,93.8889,100,87.002085,"B+"
82.5,100,95,80,95,96,100,80,85,12,100,77.7777777777778,85,90,72,76.5,90,85,91.6875,91.6667,100,90.506255,"A"
85,95,85,100,100,98,88,90,85,12,100,50,65,95,64.8,67.5,81,75,92.625,86.6667,100,85.737505,"B"
52.5,92.5,97.5,0,91.25,0,0,0,0,10,58.3333333333333,0,0,0,43.2,20.7,54,23,41.7188,19.4444,80,39.9823,"F"
87.5,77.5,100,60,100,89,83,80,80,12,83.3333333333333,77.7777777777778,65,80,59.2,71.55,74,79.5,87.125,80.3704,100,82.86806,"B"
92.5,100,95,100,100,99,100,85,98,12,100,88.8888888888889,75,95,80,84.15,100,93.5,98.0625,94.6296,100,96.98819,"A+"
47.5,72.5,92.5,95,100,88.5,80,82.5,100,12,75,61.1111111111111,45,100,47.2,62.1,59,69,88.875,78.7037,100,77.518055,"C+"
98,94,77.5,90,95,97,100,90,99,12,91.6666666666667,72.2222222222222,55,75,60.8,48.6,76,54,95.375,79.6296,100,79.25694,"C+"
80.5,85,100,90,95,96,86,60,100,12,66.6666666666667,77.7777777777778,75,95,76.8,66.15,96,73.5,91.5625,82.5926,100,87.43264,"B+"
60,0,90,0,0,91,0,47.5,66,11,75,72.2222222222222,30,100,62.4,53.55,78,59.5,44.3125,82.4074,100,66.12986,"C-"
0,50,42.5,80,100,83,71,75,50,12,66.6666666666667,61.1111111111111,55,35,14.4,39.6,18,44,68.9375,60.9259,100,54.420135,"D"
92.5,85,100,70,90,96,100,100,100,11,75,66.6666666666667,45,95,67.2,64.8,84,72,95.4375,78.8889,100,85.264585,"B"
92.5,100,100,100,100,0,90,100,100,11,91.6666666666667,61.1111111111111,65,80,78.4,75.6,98,84,97.8125,78.8889,100,91.777085,"A"
87.5,100,97.5,100,90,80,100,80,94,12,75,72.2222222222222,60,75,54.4,53.1,68,59,93.625,74.0741,100,77.548615,"C+"
65,100,90,90,100,99,86,72.5,75,12,100,88.8888888888889,80,95,71.2,72.9,89,81,89.0625,94.6296,100,88.96319,"A-"
92.5,100,100,100,95,100,86,100,80,12,95.8333333333333,72.2222222222222,60,100,62.4,74.25,78,82.5,96.6875,89.3519,100,88.634035,"A-"
82.5,100,95,100,0,100,92,100,100,12,58.3333333333333,100,65,80,68.8,63.9,86,71,96.1875,81.6667,100,86.056255,"B+"
0,75,67.5,90,80,71,0,50,0,8,83.3333333333333,61.1111111111111,25,35,64,44.55,80,49.5,54.1875,59.8148,40,57.60347,"D"
82.5,87.5,85,35,60,95,87,100,85,11,58.3333333333333,94.4444444444444,95,100,71.2,81,89,90,85.25,96.4815,100,90.347225,"A"
82.5,100,85,90,95,85,90,100,82.5,12,100,55.5555555555556,65,75,46.4,71.1,58,79,90.9375,80,100,80.63125,"B-"
72.5,100,100,100,100,80,76,85,98,12,91.6666666666667,72.2222222222222,70,100,74.4,80.1,93,89,92.375,87.963,100,91.75695,"A"
72.5,70,100,90,100,95,97,100,85,12,100,88.8888888888889,75,80,72,75.15,90,83.5,92.4375,89.6296,100,90.05069,"A"
0,0,0,10,0,0,53.5,70,32,9,33.3333333333333,0,55,45,32.8,56.7,41,63,20.6875,44.4444,60,42.82291,"F"
88.5,99,0,0,85,0,0,85,85,12,75,50,80,70,57.6,50.85,72,56.5,55.3125,75,100,66.36875,"C-"
95,95,100,100,95,99,100,100,100,12,91.6666666666667,88.8888888888889,65,100,65.6,81,82,90,98.625,93.5185,100,92.515275,"A"
72.5,92.5,100,90,95,89,83,95,100,12,91.6666666666667,22.2222222222222,60,75,60.8,57.15,76,63.5,93.0625,75.5556,100,80.32709,"B-"
100,85,100,100,100,99,97,85,95,12,100,100,100,100,80,89.1,100,99,97,100,100,98.85,"A+"
92.5,75,100,100,96.25,96,100,90,100,12,75,88.8888888888889,70,90,61.6,74.7,77,83,96.8438,84.6296,100,87.89758,"B+"
